{
  "version": 1,
  "type": "gradient_boosted_trees",
  "trainedAt": "2026-02-10T21:41:49.452Z",
  "trees": [
    {
      "feature": "score_norm",
      "threshold": 0.45,
      "left": {
        "feature": "score_norm",
        "threshold": 0.24333333333333335,
        "left": {
          "feature": "score_norm",
          "threshold": 0.12666666666666665,
          "left": {
            "feature": "seeders_present",
            "threshold": 0.5,
            "left": -0.31697413453170503,
            "right": -0.395923804700962
          },
          "right": {
            "feature": "char3_jaccard",
            "threshold": 0.2775,
            "left": -0.3564895782002157,
            "right": -0.1718490397958857
          }
        },
        "right": {
          "feature": "len_ratio",
          "threshold": 0.411,
          "left": {
            "feature": "score_norm",
            "threshold": 0.31666666666666665,
            "left": -0.2743250296538644,
            "right": -0.13241073032503622
          },
          "right": {
            "feature": "token_jaccard",
            "threshold": 0.2615,
            "left": 0.24015923412306578,
            "right": 0.019920925586243973
          }
        }
      },
      "right": {
        "feature": "score_norm",
        "threshold": 0.5833333333333333,
        "left": {
          "feature": "len_ratio",
          "threshold": 0.4345,
          "left": {
            "feature": "len_ratio",
            "threshold": 0.2125,
            "left": -0.2230033719545013,
            "right": 0.020816042655588216
          },
          "right": {
            "feature": "exact_phrase",
            "threshold": 0.5,
            "left": 0.3997340629433745,
            "right": 0.14512150882654976
          }
        },
        "right": {
          "feature": "torrent_health",
          "threshold": 0.017278387445272075,
          "left": {
            "feature": "len_ratio",
            "threshold": 0.4725,
            "left": 0.21911842094991868,
            "right": 0.4144774493414984
          },
          "right": {
            "feature": "score_norm",
            "threshold": 0.6833333333333333,
            "left": 0.4430655195752437,
            "right": 0.54344449706299
          }
        }
      }
    }
  ],
  "learningRate": 0.05,
  "basePrediction": -0.4223702513155483,
  "threshold": 0.4000000000000001,
  "featureImportance": {
    "score_norm": 1,
    "seeders_present": 0.16666666666666666,
    "char3_jaccard": 0.16666666666666666,
    "len_ratio": 0.6666666666666666,
    "token_jaccard": 0.16666666666666666,
    "exact_phrase": 0.16666666666666666,
    "torrent_health": 0.16666666666666666
  }
}